Workbook

Sheet Planilha1
B1: Campo deve ser prenchido pelo COEP | P1: Campo deve ser prenchido pelo COCM | W1: Campo deve ser prenchido pelo COEP
B2: Equipamento | C2: Ativo | D2: MODELO | E2: Tensão | F2: Potencia | G2: Localidade | H2: POLO | I2: SS aberta | J2: OS Associada | K2: Ativo | L2: Defeito identificado | M2: Necessário COEP Requisitar material | N2: Cod Material P/ Requisitar | O2: Tecnico Responsável | P2: Previsão de Regularização COCM | Q2: Status da Substituição | R2: Equipamento Entregue ? | S2: Data da Substituição | T2: OBRA | U2: SIGCCO | V2: Deposito | W2: EMD | X2: Status Entrega | Y2: Previsão de entrega | Z2: Data Entrega | AA2: Observação | AB2: Criticidade | AC2: Posto COEP | AD2: EL NINO
B3: Religador | C3: 7957620015 | D3: =_xlfn.XLOOKUP(C3,'[1]Ajustes RL Poste'!$A:$A,'[1]Ajustes RL Poste'!$K:$K) -> NOJA RC10 | E3: 13.8 | G3: PEDRO AFONSO | H3: =_xlfn.XLOOKUP(G3,[2]Responsáveis!$B:$B,[2]Responsáveis!$F:$F) -> GUARAI | I3: ETO-COEP 00104/2025 | J3: ETO-RD-GR 00472/2026 | K3: 7957620015 | L3: Rádio, antena, controle | M3: Sim | N3: 651638 | O3: WANDER DA SILVA LEITE | P3: 46170 | Q3: Concluída | R3: Sim | T3: 0712600316 | U3: 8495 | V3: 7902 | W3: 508897 | X3: Concluída | Y3: 46164 | Z3: 46164 | AA3: Concluido
B4: Religador | C4: 7955520116 | D4: =_xlfn.XLOOKUP(C4,'[1]Ajustes RL Poste'!$A:$A,'[1]Ajustes RL Poste'!$K:$K) -> NOJA RC10 | E4: 34.5 | G4: CHAPADA DA NATIVIDADE | H4: DIANÓPOLIS | I4: ETO-COEP 00151/2026 | J4: ETO-RD-DP 01344/2026 | K4: 7955520116 | L4: Tanque (parte ativa) | M4: Não | O4: Dener Soares | Q4: NA | R4: NA | S4: NA | T4: 0512600178 | U4: 8495 | X4: Pendente | AC4: ETO-RD-DP 1344/2026
B5: Religador | C5: 7900594026 | D5: =_xlfn.XLOOKUP(C5,'[1]Ajustes RL Poste'!$A:$A,'[1]Ajustes RL Poste'!$K:$K) -> COOPER F6 | E5: 34.5 | G5: PONTE ALTA DO TOCANTINS | H5: PORTO NACIONAL | I5: ETO-COEP 00113/2026 | J5: ETO-RD-PO 01860/2026 | K5: 7900594026 | L5: Parte Ativa e o Tanque | M5: Não | O5: Edson Curcino | P5: 46213 | Q5: 46209 | R5: Sim | S5: 46213 | T5: 0312600354 | U5: Indeferir a obra | X5: Concluída | Y5: 46209 | Z5: 46209 | AA5: Deslocamento da ASPO Alinhado com o Allan de Guaraí para Pedro Afonso | AB5: Muito Alta | AC5: ETO-RD-PO 185/2026
B6: Religador | C6: 7953610256 | D6: =_xlfn.XLOOKUP(C6,'[1]Ajustes RL Poste'!$A:$A,'[1]Ajustes RL Poste'!$K:$K) -> NOJA RC10 | E6: 34.5 | G6: MATEIROS | H6: PONTE ALTA TOCANTINS | I6: ETO-COEP 50/2026 | J6: ETO-RD-PO 2020/2026 | K6: 7953610256 | L6: Tanque | M6: Não | O6: Edson Curcino | R6: Sim | S6: 46226 | X6: Concluída | AA6: Utilizaremos o que foi direcionado para o Polo Paraíso que já estava em operação e enviar para esse caso | AC6: ETO-RD-PO 208/2026
B7: Religador | C7: 7943790134 | D7: =_xlfn.XLOOKUP(C7,'[1]Ajustes RL Poste'!$A:$A,'[1]Ajustes RL Poste'!$K:$K) -> NOJA RC10 | E7: 34.5 | G7: ESPERANTINA | H7: =_xlfn.XLOOKUP(G7,[2]Responsáveis!$B:$B,[2]Responsáveis!$F:$F) -> AUGUSTINOPOLIS | I7: ETO-COEP 00181/2025 | J7: ETO-RD-AG 365/2026 | K7: 7943790134 | L7: Tanque | M7: Sim | O7: Luanderson | P7: 46175 | Q7: Concluída | R7: Sim | S7: 46179 | T7: 0662600266 | U7: 8495 | V7: 6905 | W7: 508887 | X7: Concluída | Y7: 46164 | Z7: 46164 | AA7: Ainda no nosso posto , mas de acordo com o Luanderson vai disponibilizar a equipe na terça-feira 03/06 | AB7: Muito Alta | AC7: ETO-TELE 00869/2026
B8: Religador | C8: 7938137007 | D8: =_xlfn.XLOOKUP(C8,'[1]Ajustes RL Poste'!$A:$A,'[1]Ajustes RL Poste'!$K:$K) -> SCHNEIDER ADVC | E8: 13.8 | G8: MIRACEMA DO TOCANTINS | H8: =_xlfn.XLOOKUP(G8,[2]Responsáveis!$B:$B,[2]Responsáveis!$F:$F) -> MIRACEMA DO TOCANTINS | I8: ETO-COEP 00034/2026 | J8: ETO-RD-PS 00193/2026 | K8: 7938137007 | L8: Rádio, trafo,Tanque e Controle | M8: Sim | O8: Vinicius Camargo Costa | P8: Não podermos atender agora, rádio foi requisitado para obra do PN | Q8: NA | R8: Não | T8: 0212600423 | U8: 8495 | X8: Pendente | AA8: Não Houve entrega do Material | AB8: =_xlfn.XLOOKUP(C8,[3]Pendentes!$D:$D,[3]Pendentes!$U:$U) -> Baixa
B9: Religador | C9: 7934698002 | D9: =_xlfn.XLOOKUP(C9,'[1]Ajustes RL Poste'!$A:$A,'[1]Ajustes RL Poste'!$K:$K) -> NOJA RC10 | E9: 13.8 | G9: TOCANTINOPOLIS | H9: =_xlfn.XLOOKUP(G9,[2]Responsáveis!$B:$B,[2]Responsáveis!$F:$F) -> TOCANTINOPOLIS | I9: ETO-COEP 00094/2025 | J9: ETO-RD-AG 364/2026 | K9: 7934698002 | L9: Completo | M9: Sim | O9: Luanderson | P9: 46176 | Q9: Concluída | R9: Sim | S9: 46172 | T9: 0662600265 | U9: 8495 | V9: 6905 | W9: 508891 | X9: Concluída | Y9: 46164 | Z9: 46164 | AA9: Concluido | AB9: =_xlfn.XLOOKUP(C9,[3]Pendentes!$D:$D,[3]Pendentes!$U:$U) -> Alta | AC9: ETO - RD-AG 549/2025
B10: Religador | C10: 7933766059 | D10: =_xlfn.XLOOKUP(C10,'[1]Ajustes RL Poste'!$A:$A,'[1]Ajustes RL Poste'!$K:$K) -> NOJA RC10 | E10: 13.8 | G10: TAQUARALTO | H10: =_xlfn.XLOOKUP(G10,[2]Responsáveis!$B:$B,[2]Responsáveis!$F:$F) -> TAQUARALTO | I10: ETO-COEP 00211/2025 | J10: ETO-RD-PA 00283/2026 | K10: 7933766059 | L10: Tanque | M10: Sim | O10: Marcelo Primo | P10: 46218 | Q10: Concluída | R10: Sim | S10: 46219 | T10: 0112600424 | U10: 8495 | V10: 1905 | W10: 510199 | X10: Concluída | Y10: 46204 | Z10: 46218 | AA10: Em andamento | AB10: =_xlfn.XLOOKUP(C10,[3]Pendentes!$D:$D,[3]Pendentes!$U:$U) -> Muito Alta | AC10: SS ETO-RD-PA 00431/2026
B11: Religador | C11: 7933726256 | D11: =_xlfn.XLOOKUP(C11,'[1]Ajustes RL Poste'!$A:$A,'[1]Ajustes RL Poste'!$K:$K) -> NOJA RC10 | E11: 34.5 | G11: MATEIROS | H11: =_xlfn.XLOOKUP(G11,[2]Responsáveis!$B:$B,[2]Responsáveis!$F:$F) -> PONTE ALTA TOCANTINS | I11: ETO-COEP 00108/2026 | J11: ETO-RD-PO 1859/2026 | K11: 7933726256 | L11: Tanque | M11: Sim | O11: Edson Curcino | P11: 46210 | Q11: Concluída | R11: Sim | S11: 46210 | T11: 0312600351 | U11: 8495 | X11: Concluída | AA11: Utilizaremos o que foi direcionado para Santa Rita , Favor Cancelar a obra COCM´S | AB11: Muito Alta | AC11: ETO-RD-PO 181/2026
B12: Religador | C12: 7931610122 | D12: =_xlfn.XLOOKUP(C12,'[1]Ajustes RL Poste'!$A:$A,'[1]Ajustes RL Poste'!$K:$K) -> NOJA RC10 | E12: 13.8 | G12: PALMAS | H12: =_xlfn.XLOOKUP(G12,[2]Responsáveis!$B:$B,[2]Responsáveis!$F:$F) -> PALMAS | I12: ETO-COEP 00206/2025 | J12: ETO-RD-PA 00282/2026 | K12: 7931610122 | L12: Tanque e antena | M12: Sim | O12: Marcelo Primo | P12: 46218 | Q12: Concluída | R12: Sim | S12: 46219 | T12: 0112600383 | U12: 8495 | V12: 1905 | W12: 510192 | X12: Concluída | Y12: 46204 | Z12: 46202 | AA12: Em andamento | AB12: =_xlfn.XLOOKUP(C12,[3]Pendentes!$D:$D,[3]Pendentes!$U:$U) -> Muito Alta | AC12: SS ETO-RD-PA 433/2026
B13: Religador | C13: 7929376022 | D13: =_xlfn.XLOOKUP(C13,'[1]Ajustes RL Poste'!$A:$A,'[1]Ajustes RL Poste'!$K:$K) -> NOJA RC10 | E13: 34.5 | G13: BABACULANDIA | H13: =_xlfn.XLOOKUP(G13,[2]Responsáveis!$B:$B,[2]Responsáveis!$F:$F) -> TOCANTINOPOLIS | I13: ETO-COEP 00120/2026 | K13: 7929376022 | L13: Controle Completo | M13: Sim | O13: Leonardo Santos da Silva | P13: Aguardando entrega do Equipamento | Q13: Pendente | R13: Sim | T13: 0612600565 | U13: 8495 | V13: 6903 | W13: 510069 , 515116 | X13: Pendente | Y13: 46244 | AA13: PROBLEMA NO ENVIO DO CONTROLE | AB13: Muito Alta
B14: Religador | C14: 7927169001 | D14: =_xlfn.XLOOKUP(C14,'[1]Ajustes RL Poste'!$A:$A,'[1]Ajustes RL Poste'!$K:$K) -> NOJA RC10 | E14: 13.8 | G14: PALMAS | H14: =_xlfn.XLOOKUP(G14,[2]Responsáveis!$B:$B,[2]Responsáveis!$F:$F) -> PALMAS | I14: ETO-COEP 00036/2026 | J14: ETO-COEP 00036/2026 | K14: 7927169001 | L14: Completo | M14: Sim | O14: Marcelo Primo | P14: 46219 | Q14: Concluída | R14: Sim | S14: 46223 | T14: 0112600425 | U14: 8495 | V14: 1905 | W14: 510209 | X14: Concluída | Y14: 46210 | Z14: 46202 | AB14: =_xlfn.XLOOKUP(C14,[3]Pendentes!$D:$D,[3]Pendentes!$U:$U) -> Alta | AC14: SS ETO-RD-PA 432/2026
B15: Religador | C15: 7925087021 | D15: =_xlfn.XLOOKUP(C15,'[1]Ajustes RL Poste'!$A:$A,'[1]Ajustes RL Poste'!$K:$K) -> NOJA RC10 | E15: 34.5 | G15: PARANA | H15: =_xlfn.XLOOKUP(G15,[2]Responsáveis!$B:$B,[2]Responsáveis!$F:$F) -> PEIXE | I15: ETO-COEP 00222/2025 | K15: 7925087021 | L15: Tanque | M15: Sim | O15: Julio Cesar | P15: Aguardando entrega do Equipamento | Q15: Pendente | R15: Não | S15: Pendente | T15: 0412600392 | U15: 8495 | V15: 4906 | W15: 511540 | X15: Concluída | Y15: 46213 | Z15: 46213 | AA15: ETO-RD-GU 1391/2026 (atrasada) Aguardando previsão de substituição | AB15: =_xlfn.XLOOKUP(C15,[3]Pendentes!$D:$D,[3]Pendentes!$U:$U) -> Alta | AC15: ETO-RD-AG 697/2026
B16: Religador | C16: 7908705049 | D16: =_xlfn.XLOOKUP(C16,'[1]Ajustes RL Poste'!$A:$A,'[1]Ajustes RL Poste'!$K:$K) -> COOPER F6 | E16: 13.8 | G16: AURORA DO TOCANTINS | H16: DIANÓPOLIS | I16: ETO-COEP 00177/2025 | J16: ETO-RD-DP 00271/2026 | K16: 7908705049 | L16: Completo | M16: Sim | O16: Dener Soares | P16: Aguardando entrega do Equipamento | Q16: Pendente | R16: Não | S16: Pendente | T16: 0512600135 | U16: 8495 | V16: 5908 | W16: 511536 | X16: Concluída | Y16: 46223 | AB16: =_xlfn.XLOOKUP(C16,[3]Pendentes!$D:$D,[3]Pendentes!$U:$U) -> Muito Alta | AC16: ETO-RD-DP 788/2026
B17: Religador | C17: 7908686014 | D17: =_xlfn.XLOOKUP(C17,'[1]Ajustes RL Poste'!$A:$A,'[1]Ajustes RL Poste'!$K:$K) -> NOJA RC10 | E17: 34.5 | G17: PIUM | H17: =_xlfn.XLOOKUP(G17,[2]Responsáveis!$B:$B,[2]Responsáveis!$F:$F) -> PARAISO DO TOCANTINS | I17: ETO-COEP 00174/2024 | J17: ETO-RD-PS 00194/2026 | K17: 7908686014 | L17: Tanque | M17: Sim | O17: Joelson Silva de Souza | Q17: Pendente | R17: Não | T17: 0212600425 | U17: 8495 | V17: 2903 | W17: 510214 | X17: Concluída | Y17: 46213 | Z17: 46218 | AA17: Previsão de Substiuição atrasada | AB17: =_xlfn.XLOOKUP(C17,[3]Pendentes!$D:$D,[3]Pendentes!$U:$U) -> Muito Alta | AC17: ETO-RD-OS 302/2026
B18: Religador | C18: 7903112004 | D18: =_xlfn.XLOOKUP(C18,'[1]Ajustes RL Poste'!$A:$A,'[1]Ajustes RL Poste'!$K:$K) -> COOPER F6 | E18: 34.5 | G18: ARAGUAINA | I18: ETO-COEP 00184/2025 | K18: 7903112004 | L18: Tanque - cooper - Aproveitar do 7900018004 | M18: Não | O18: Leonardo Santos da Silva | P18: Aguardando entrega do Equipamento | Q18: Pendente | R18: Não | S18: Pendente | X18: Pendente | AA18: CONTROLE NOJA ENVIADO | AB18: =_xlfn.XLOOKUP(C18,[3]Pendentes!$D:$D,[3]Pendentes!$U:$U) -> Alta
B19: Religador | C19: 7900453110 | D19: =_xlfn.XLOOKUP(C19,'[1]Ajustes RL Poste'!$A:$A,'[1]Ajustes RL Poste'!$K:$K) -> COOPER F6 | E19: 34.5 | G19: SANTA RITA DO TOCANTINS | H19: =_xlfn.XLOOKUP(G19,[2]Responsáveis!$B:$B,[2]Responsáveis!$F:$F) -> PORTO NACIONAL | I19: ETO-COEP 00169/2025 | J19: ETO-RD-PO 00121/2026 | K19: 7900453110 | L19: Tanque | M19: Sim | O19: Edson Curcino | P19: 46213 | R19: Sim | S19: Pendente | T19: 0312600264 | U19: Indeferir a obra | V19: 3905 | W19: 510215 | X19: Concluída | Y19: 46204 | Z19: 46202 | AA19: Equipamento entregue, redirecionaremos para o Caso 7933726256 | AB19: =_xlfn.XLOOKUP(C19,[3]Pendentes!$D:$D,[3]Pendentes!$U:$U) -> Muito Alta
B20: Regulador | C20: 5854566043 | D20: =_xlfn.XLOOKUP(C20,'[1]Ajustes RL Poste'!$A:$A,'[1]Ajustes RL Poste'!$K:$K) -> #N/A | E20: 34.5 | F20: 400 | G20: SILVANOPOLIS | H20: =_xlfn.XLOOKUP(G20,[2]Responsáveis!$B:$B,[2]Responsáveis!$F:$F) -> PORTO NACIONAL | I20: ETO-COEP 00160/2025 | J20: ETO-RD-PO 01873/2026 | K20: 5854566043 | L20: Celula Fase B | M20: Sim | N20: 690241 | O20: Edson Curcino | P20: Aguardando entrega do Equipamento | Q20: Pendente | R20: Sim | S20: 46227 | T20: 0312600352 | U20: 8495 | V20: 3905 | W20: 513847 | X20: Pendente | Y20: 46223 | AA20: Aguardando previsão de substituição | AB20: Muito Alta
B21: Religador | C21: 7957126085 | D21: =_xlfn.XLOOKUP(C21,'[1]Ajustes RL Poste'!$A:$A,'[1]Ajustes RL Poste'!$K:$K) -> NOJA RC10 | E21: 34.5 | G21: MONTE SANTO DO TOCANTINS | H21: =_xlfn.XLOOKUP(G21,[2]Responsáveis!$B:$B,[2]Responsáveis!$F:$F) -> PARAISO DO TOCANTINS | I21: ETO-COEP 00156/2025 | J21: ETO-RD-PS 001001/2026 | K21: 7957126085 | L21: Controle e ajuste | M21: Sim | O21: Joelson Silva de Souza | P21: NA | Q21: NA | R21: Não | S21: NA | T21: 0212600428 | U21: Indeferir a obra | V21: 2903 | W21: 510216 | X21: Concluída | Y21: 46213 | Z21: 46213 | AA21: Equipamento em operação no SCADA, favor enviar tanque enviado para Porto Nacional e cancelar a Obra. Utilizaremos tanque para Porto7953610256 | AB21: =_xlfn.XLOOKUP(C21,[3]Pendentes!$D:$D,[3]Pendentes!$U:$U) -> Média | AC21: ETO-RD-PS 301/2026
B22: Religador | C22: 7900117013 | D22: =_xlfn.XLOOKUP(C22,'[1]Ajustes RL Poste'!$A:$A,'[1]Ajustes RL Poste'!$K:$K) -> COOPER F6 | E22: 13.8 | G22: PARAISO DO TOCANTINS | H22: =_xlfn.XLOOKUP(G22,[2]Responsáveis!$B:$B,[2]Responsáveis!$F:$F) -> PARAISO DO TOCANTINS | I22: ETO-COEP 00122/2025 | J22: ETO-RD-PS 00192/2026 | K22: 7900117013 | L22: Completo - Relé Cooper | M22: Sim | O22: Joelson Silva de Souza | P22: Equipamento Entregue | R22: Não | S22: 46218 | T22: 0212600422 | U22: 8495 | V22: 2903 | W22: 510217 | X22: Concluída | Y22: 46213 | Z22: 46218 | AA22: Calendário logistco vai sair hoje 29/05/2026, assim que tiver rota de entrga avisamos | AB22: =_xlfn.XLOOKUP(C22,[3]Pendentes!$D:$D,[3]Pendentes!$U:$U) -> Muito Alta | AC22: ETO-RD-OS 325/2026 | AE22: =_xlfn.XLOOKUP(W22,[4]Export!$C:$C,[4]Export!$L:$L) -> #N/A
B23: Regulador | C23: 5855411017 | D23: =_xlfn.XLOOKUP(C23,'[1]Ajustes RL Poste'!$A:$A,'[1]Ajustes RL Poste'!$K:$K) -> #N/A | E23: 13.8 | F23: 239 | G23: BARROLANDIA | H23: =_xlfn.XLOOKUP(G23,[2]Responsáveis!$B:$B,[2]Responsáveis!$F:$F) -> MIRACEMA DO TOCANTINS | I23: ETO-COEP 00199/2025 | K23: 5855411017 | L23: Vamos requisitar 1 controle | M23: Sim | N23: 651638 | O23: Joelson Silva de Souza | P23: Equipamento Entregue | Q23: Pendente | R23: Não | S23: Pendente | T23: 0212600536 | U23: 8389 | V23: 2903 | W23: 514628 | X23: Concluída | Y23: 46213 | Z23: 46213 | AA23: Aguardando previsão de substituição | AB23: Baixa | AC23: ETO-RD-PS 304/2026
B24: Religador | C24: 7900018004 | D24: =_xlfn.XLOOKUP(C24,'[1]Ajustes RL Poste'!$A:$A,'[1]Ajustes RL Poste'!$K:$K) -> NOJA RC10 | E24: 34.5 | G24: ARAGUAINA | H24: =_xlfn.XLOOKUP(G24,[2]Responsáveis!$B:$B,[2]Responsáveis!$F:$F) -> ARAGUAINA | I24: ETO-COEP 00178/2025 | K24: 7900018004 | L24: Completo (Controle - cooper) | M24: Sim | O24: Leonardo Santos da Silva | P24: 46169 | Q24: Concluída | R24: Sim | S24: 46169 | T24: 0612600439 | V24: 6903 | W24: 508886 | X24: Concluída | Y24: 46167 | Z24: 46167 | AA24: Concluido | AB24: =_xlfn.XLOOKUP(C24,[3]Pendentes!$D:$D,[3]Pendentes!$U:$U) -> Alta
B25: Regulador | C25: 5856070091 | D25: =_xlfn.XLOOKUP(C25,'[1]Ajustes RL Poste'!$A:$A,'[1]Ajustes RL Poste'!$K:$K) -> #N/A | E25: 34.5 | F25: 400 | G25: ALMAS | H25: DIANÓPOLIS | I25: ETO-COEP 00223/2025 | K25: 5862236091 | L25: 3 celulas | M25: Sim | N25: 690241 | O25: Dener Soares | P25: Requisição | T25: 0512600177 | U25: 8481 | V25: 5908 | W25: 514814 | X25: Concluída | Y25: 46223 | Z25: 46223 | AA25: REQUISITAR 03 PEÇAS POIS 02 PÇ FOI RETIRADA PARA INSTALAÇÃO EM OBRA DE CONSTRUÇÃO. | AB25: Muito Alta | AC25: ETO-RD-DP 479/2026
B26: Regulador | C26: 5858783119 | D26: =_xlfn.XLOOKUP(C26,'[1]Ajustes RL Poste'!$A:$A,'[1]Ajustes RL Poste'!$K:$K) -> #N/A | E26: 34.5 | F26: 400 | G26: SAO BENTO DO TOCANTINS | H26: =_xlfn.XLOOKUP(G26,[2]Responsáveis!$B:$B,[2]Responsáveis!$F:$F) -> TOCANTINOPOLIS | I26: ETO-COEP 00123/2025 | K26: 5858783119 | L26: Vamos requisitar , 3 celulas | M26: Sim | N26: 690241 | O26: LUANDERSON | P26: Selecionado Para Aquisição | Q26: Pendente | R26: Sim | S26: Pendente | T26: 0662600361 | U26: 8481 | V26: 6905 | W26: Por estrategia não será enviado neste momento equipamento, iremos utilizar em outros reguladores | X26: Pendente | AA26: Redirecionado para atender 5854566043 e 5862236091 | AB26: Baixa | AC26: ETO-TELE 1032/2026
B27: Regulador | C27: 5827102054 | D27: =_xlfn.XLOOKUP(C27,'[1]Ajustes RL Poste'!$A:$A,'[1]Ajustes RL Poste'!$K:$K) -> #N/A | E27: 34.5 | F27: 200 | G27: PUGMIL | H27: =_xlfn.XLOOKUP(G27,[2]Responsáveis!$B:$B,[2]Responsáveis!$F:$F) -> PARAISO DO TOCANTINS | I27: ETO-COEP 00216/2025 | J27: ETO-RD-PS 001614/2026 | K27: 5827102054 | L27: Transferir para o COMC, corrigir o aterramento e verificar a possibilidade de corrigir a infiltração do controle com a cola utilizada para vedar vazamento no transformadores | M27: Não | O27: Joelson Silva de Souza | Q27: Pendente | R27: Sim | S27: Pendente | T27: 0212600537 | U27: 8389 | V27: 2903 | W27: Repasse COCM´s | X27: Concluída | AA27: Cancelar a obra tentar vedação do equipamento Melhoria de aterramento | AB27: Media
B28: Regulador | C28: 5801866013 | D28: =_xlfn.XLOOKUP(C28,'[1]Ajustes RL Poste'!$A:$A,'[1]Ajustes RL Poste'!$K:$K) -> #N/A | E28: 13.8 | F28: 167 | G28: PARAISO DO TOCANTINS | H28: =_xlfn.XLOOKUP(G28,[2]Responsáveis!$B:$B,[2]Responsáveis!$F:$F) -> PARAISO DO TOCANTINS | I28: ETO-COEP 00077/2026 | J28: ETO-RD-PS 001616/2026 | K28: 5801866013 | L28: Vamos requisitar, 1 celula | M28: Sim | N28: 690669 | O28: Joelson Silva de Souza | P28: Aguardando a criação da obra para abrir a requisição | Q28: Pendente | R28: Sim | S28: Pendente | T28: 0212600539 | U28: 8389 | V28: 2903 | W28: 514627 | X28: Concluída | Y28: 46213 | Z28: 46213 | AA28: Aguardando previsão de substituição | AC28: ETO-RD-OS 303/2026
B29: Religador | C29: 7900573047 | D29: =_xlfn.XLOOKUP(C29,'[1]Ajustes RL Poste'!$A:$A,'[1]Ajustes RL Poste'!$K:$K) -> COOPER F6 | E29: 13.8 | G29: FIGUEIROPOLIS | H29: =_xlfn.XLOOKUP(G29,[2]Responsáveis!$B:$B,[2]Responsáveis!$F:$F) -> ALVORADA | I29: ETO-COEP 00209/2025 | J29: ETO-RD-GU 00493/2026 | K29: 7900573047 | L29: Completo | M29: Sim | O29: Julio Cesar | P29: Aguardando entrega do Equipamento | Q29: Concluída | R29: Não | S29: 46223 | T29: 0412600391 | U29: 8495 | V29: 4906 | W29: 511539, 511541 | X29: Concluída | Y29: 46213 | Z29: 46213 | AA29: ATRASO COCM´S | AB29: =_xlfn.XLOOKUP(C29,[3]Pendentes!$D:$D,[3]Pendentes!$U:$U) -> Alta | AC29: ETO-RD-AG 696/2026
B30: Regulador | C30: 5844630060 | D30: =_xlfn.XLOOKUP(C30,'[1]Ajustes RL Poste'!$A:$A,'[1]Ajustes RL Poste'!$K:$K) -> #N/A | E30: 13.8 | F30: 239 | G30: NOVA OLINDA | H30: =_xlfn.XLOOKUP(G30,[2]Responsáveis!$B:$B,[2]Responsáveis!$F:$F) -> COLINAS DO TOCANTINS | I30: ETO-COEP 00167/2025 | K30: 5844630060 | L30: Vamos requisitar 1 celula fase A | M30: Sim | N30: 690236 | O30: =_xlfn.XLOOKUP(G30,'[5]dSeg_Territorial (2)'!$B:$B,'[5]dSeg_Territorial (2)'!$K:$K) -> LEONARDO SANTOS DA SILVA | P30: Requisição | Q30: Concluída | R30: Não | S30: 46227 | T30: 0612600626 | U30: 8481 | V30: 6903 | W30: 512848 | X30: Concluída | Y30: 46219 | Z30: 46223 | AA30: Entrega 16/07 | AC30: ETO-RD-AR 1131/2026
B31: Religador | C31: 7900230155 | D31: =_xlfn.XLOOKUP(C31,'[1]Ajustes RL Poste'!$A:$A,'[1]Ajustes RL Poste'!$K:$K) -> COOPER F6 | E31: 34.5 | G31: PALMEIRANTE | H31: =_xlfn.XLOOKUP(G31,[2]Responsáveis!$B:$B,[2]Responsáveis!$F:$F) -> COLINAS DO TOCANTINS | I31: ETO-COEP 00106/2025 | K31: 7900230155 | L31: Tanque e PR do trafo e chave | M31: Sim | O31: WANDER DA SILVA LEITE | P31: Equipamento Entregue | Q31: Concluída | R31: Sim | S31: 46210 | T31: SEM OBRA | X31: Concluída | Y31: 46164 | Z31: 46164 | AA31: Concluido | AB31: =_xlfn.XLOOKUP(C31,[3]Pendentes!$D:$D,[3]Pendentes!$U:$U) -> Muito Alta
B32: Regulador | C32: 5850308009 | E32: 13.8 | F32: 239 | G32: GUARAI | H32: =_xlfn.XLOOKUP(G32,[2]Responsáveis!$B:$B,[2]Responsáveis!$F:$F) -> GUARAI | I32: ETO-COEP 00180/2025 | K32: 5850308009 | L32: Controle | M32: Sim | N32: 651638 | O32: WANDER DA SILVA LEITE | P32: Aguardando equipamento ser entregue | Q32: Pendente | R32: Não | S32: Pendente | T32: 0712600418 | U32: 8389 | V32: 7902 | X32: Pendente | AA32: Equipamento em operação em campo de acordo com a visita do Luanderson tem fotos Equipamento já em operação , realocar controle de Regulador para Arapoema 5800371025
B33: Regulador | C33: 5800859011 | E33: 13.8 | F33: 219 | G33: TUPIRAMA | H33: =_xlfn.XLOOKUP(G33,[2]Responsáveis!$B:$B,[2]Responsáveis!$F:$F) -> GUARAI | I33: ETO-COEP 00115/2026 | K33: 5800859011 | L33: Controle | M33: Sim | N33: 651638 | O33: WANDER DA SILVA LEITE | P33: Aguardando equipamento ser entregue | Q33: Pendente | R33: Não | S33: Pendente | T33: 0712600419 | U33: 8389 | V33: 7902 | W33: 514632 , 516125 | X33: Concluída | Y33: 46219
A34: 46245 | B34: Regulador | C34: 5800438116 | D34: =_xlfn.XLOOKUP(C34,'[1]Ajustes RL Poste'!$A:$A,'[1]Ajustes RL Poste'!$K:$K) -> #N/A | E34: 34.5 | F34: 200 | G34: CHAPADA DA NATIVIDADE | H34: DIANÓPOLIS | I34: ETO-COEP 00171/2025 | J34: ETO-RD-DP 1548/2026 | K34: 5800438116 | L34: Vamos requisitar , fase B e C | M34: Sim | N34: 690240 | O34: Dener Soares | P34: Será utilizado regulador retirado de obra de construção | Q34: Pendente | R34: Não | S34: Pendente | T34: 0512600179 | U34: 8481 | W34: Peças no Polo sobressalentes | X34: Concluída | Y34: 46219 | Z34: 46223 | AA34: NÃO PRECISA REQUISITAR EQUIPAMENTO, VAMOS UTILIZAR EQ RETIRADO DE OBRA DE CONSTRUÇÃO.
B35: Regulador | C35: 5800371025 | D35: TOSCHIBA | E35: 34.5 | G35: COLINAS DO TOCANTINS | H35: =_xlfn.XLOOKUP(G35,[2]Responsáveis!$B:$B,[2]Responsáveis!$F:$F) -> COLINAS DO TOCANTINS | I35: ETO-COEP 00187/2025 | K35: 5800371025 | L35: Controle | M35: SIm | N35: 651638 | O35: Leonardo Santos da Silva | Q35: Concluída | R35: Sim | S35: 46233 | T35: 0712600318 | U35: 8495 | V35: 7902 | W35: 514635 | X35: Concluída | Y35: 46219 | Z35: 20/07/026 | AB35: Muito Alta
B36: Regulador | C36: 5836786094 | D36: ITB | E36: 34.5 | F36: 200 | G36: PEIXES | H36: GURUPI | J36: ETO-RD-GU 3374/2026 | K36: 5836786094 | L36: 1 Celula | M36: Sim | N36: 690240 | O36: DIONE SOUSA MARQUES | Q36: Pendente | R36: Não | S36: Pendente | T36: 0412600550 | U36: 8481 | W36: 517520 | X36: Pendente | AA36: Aguardando criação da Obra
B37: Regulador | C37: 5853360007 | D37: ITB | E37: 34.5 | F37: 200 | G37: MIRACEMA DO TOCANTINS | H37: =_xlfn.XLOOKUP(G37,[2]Responsáveis!$B:$B,[2]Responsáveis!$F:$F) -> MIRACEMA DO TOCANTINS | I37: ETO-RD-PS 323/2025 | K37: 5853360007 | L37: Melhoria de Aterramento | M37: Não | O37: JOELSON SILVA DE SOUZA | Q37: Pendente | R37: Sim | S37: Pendente | U37: 8481 | X37: Pendente | AA37: Melhoria de aterramento | AB37: Média
B38: Regulador | C38: 5803327001 | D38: TOSCHIBA | E38: 13.8 | F38: 167 | G38: LUZIMANGUES | H38: PALMAS | I38: ETO-COEP 00149/2026 | K38: 5803327001 | L38: 1 Controle | M38: Sim | N38: 651638 | O38: Marcelo Primo | X38: Concluída | AA38: CONTROLE RUA QUE VOLTOU DE DIANÓPOLIS
